category,name,name_zh,description,price,spice_level,dietary_tags,allergens,is_featured,status
Appetizers,Chicken Samosa,,"Embark on a flavourful journey with our Chicken Samosa. These golden parcels of delight are filled with succulent chicken, aromatic spices, and a hint of warmth. Each bite offers a perfect balance of crispy exterior and savoury filling, making it a beloved snack that leaves a lasting impression",6000,0,,,no,draft
Appetizers,Fried Jumbo Shrimp,,"Dive into a sea of flavour with our Fried Jumbo Shrimp. Indulge in six succulent pieces of plump shrimp, lightly breaded and fried to a perfect golden crisp. With each bite, experience the ocean's bounty and a satisfying crunch that captures the essence of seafood indulgence. (6 pieces)",14000,0,,,no,draft
Appetizers,Hot Chicken Wings,,"Turn up the heat with our Hot Chicken Wings. A tantalizing serving of six tender and juicy chicken wings, coated in a fiery blend of spices that pack a flavourful punch. Whether you're a spice enthusiast or simply seeking a bold culinary adventure, these wings are sure to ignite your taste buds.",6000,0,,,no,draft
Appetizers,BBQ Wings,,"Experience BBQ bliss with our delectable BBQ Wings. Sink your teeth into six succulent chicken wings, meticulously glazed with our signature smoky barbecue sauce. The perfect harmony of sweet and savoury flavours, these wings promise a mouth-watering journey that captures the essence of classic barbecue goodness.",6000,0,,,no,draft
Appetizers,Pepper Chicken Wings,,"Elevate your wing game with our Pepper Chicken Wings. Delight in six perfectly seasoned chicken wings, coated in a zesty pepper-infused marinade that brings a kick of flavor to every bite. A bold and flavourful choice that's sure to excite your taste buds",6000,0,,,no,draft
Appetizers,Fried Shrimp Basket,,"Indulge in oceanic delight with our Fried Shrimp Basket. A generous portion of plump and crispy fried shrimp, served alongside a medley of dipping sauces. A true seafood lover's dream, offering a satisfying crunch and succulent flavors that transport you straight to the coast.",14000,0,,,no,draft
Appetizers,Chicken and Chips,,"Satisfy your cravings with our classic Chicken and Chips. Enjoy a succulent piece of perfectly fried chicken, paired with a generous helping of golden, crispy fries. A timeless combination that delivers comfort and flavour in every mouth-watering bite.",9000,0,,,no,draft
Appetizers,Only Chips,,"Experience the simple pleasure of our Crispy Chips. A generous portion of golden fries, expertly cooked to a perfect crunch. Whether enjoyed as a satisfying snack or a delightful side, these chips are sure to add a touch of crispy goodness to your dining experience.",4000,0,,,no,draft
Appetizers,Chicken Spring Rolls,,"Indulge in the perfect appetizer with our Chicken Spring Roll. Crispy, golden rolls filled with tender chicken and a medley of fresh vegetables, expertly crafted to deliver a delightful crunch with every bite. Each portion comes with six delectable pieces, making it an ideal choice for sharing or enjoying all to yourself",6000,0,,,no,draft
Appetizers,Vegetable Spring Rolls,,"Discover a garden-fresh delight with our Vegetable Spring Roll. Six pieces of crispy perfection, filled with an assortment of colourful garden vegetables, expertly rolled to create a satisfying crunch with every bite. A light and flavourful appetizer that celebrates the beauty of nature on your plate.",6000,0,,,no,draft
Appetizers,Shrimp Spring Roll,,"Savour the delicate flavours of our Shrimp Spring Roll. A culinary delight wrapped in a thin, translucent rice paper, it features succulent shrimp, fresh herbs, and crisp vegetables. The combination of textures and the subtle blend of flavours make this appetizer a perfect choice for those who appreciate a light and refreshing start to their meal.",6000,0,,,no,draft
Appetizers,Butterfly King Prawn,,"A sumptuous feast for the senses, our Butterfly King Prawns are carefully selected for their size and succulence. These premium prawns are delicately sliced open, resembling beautiful butterflies, and marinated in a blend of fragrant herbs and spices. They are then lightly battered and fried to golden perfection, ensuring a crisp exterior that gives way to tender, juicy flesh. Served with a side of our special dipping sauce, crafted from a secret recipe, this dish offers a harmonious balance of flavors and textures that will tantalize your taste buds and leave you craving for more. Perfect for a luxurious starter or a mouthwatering main, our Butterfly King Prawns are a true testament to the art of Chinese cooking.",14000,0,,,no,draft
Appetizers,Dumplings,,"Dive into the heart of Chinese culinary tradition with our handcrafted Dumplings, a staple that embodies the essence of comfort food with a gourmet twist. Each dumpling is meticulously prepared, wrapping a thin, tender dough around a hearty filling of your choice – succulent pork, juicy chicken, fresh vegetables, or a combination thereof, all seasoned to perfection with a blend of traditional spices and aromatics. These little parcels of joy are then steamed to soft, pillowy perfection or pan-fried to achieve a delightful contrast of textures: a crispy bottom and a tender top. Served with a side of our signature soy-based dipping sauce, infused with ginger, garlic, and a hint of sesame oil, our Dumplings promise a burst of flavors with every bite. Ideal for sharing or savoring solo, they offer a comforting embrace of warmth and satisfaction.",6000,0,,,no,draft
Appetizers,Prawns on Toast,,"Our Prawns on Toast is a classic Chinese delicacy that showcases the delicate sweetness of prawns combined with the savory crunch of toast. We start with the finest, succulent prawns, which are carefully minced and mixed with a blend of aromatic herbs and seasonings. This mixture is then generously spread over slices of fresh bread, ensuring each piece is packed with flavor.",11000,0,,,no,draft
Appetizers,Barbecue Spare Ribs,,"Barbecue Spare Ribs are a mouthwatering and indulgent dish that brings the smoky, savory flavors of Chinese barbecue to your table. This dish features tender pork ribs that are slow-cooked to perfection, allowing the meat to become incredibly soft and juicy, before being coated in a rich, flavorful barbecue sauce that has just the right balance of sweetness and tanginess.",11000,0,,,no,draft
Appetizers,De-Geogold Crispy Beef,,"Our Geogold Crispy Beef starts with high-quality beef, carefully sliced into thin strips for maximum tenderness. The beef is marinated in a special blend of soy sauce, ginger, garlic, and a touch of rice wine, allowing the flavors to penetrate deeply and enhance the natural richness of the meat. After marinating, the beef is coated in a light, golden batter that crisps up beautifully when fried.",6000,0,,,no,draft
Appetizers,Salt Pepper Fried Calamari,,"Our Salt Pepper Fried Calamari begins with the freshest calamari, expertly cleaned and cut into bite-sized rings. The calamari is then lightly marinated in a mixture of garlic, ginger, and a hint of rice wine to enhance its natural flavor and tenderness.",11000,0,,,no,draft
Appetizers,Fried Crab with Rock Salt,,"Our Fried Crab with Rock Salt begins with the finest, freshest crabs, carefully selected for their plumpness and flavor. The crabs are cleaned and prepared, with each piece being lightly coated in a delicate batter. This batter is designed to create a thin, crispy layer that seals in the moisture of the crab while adding a satisfying crunch.",11000,0,,,no,draft
Appetizers,Deep Fried Butterfly King Prawn,,"Our Deep Fried Butterfly King Prawn features two large, premium king prawns, known for their sweet, juicy meat and impressive size. Each prawn is carefully butterflied, a technique where the prawn is split open along the back, creating a beautiful, flat shape that resembles a butterfly when cooked. This method not only enhances the prawn's presentation but also allows it to cook evenly, ensuring that every bite is tender and flavorful. (2 pieces)",14000,0,,,no,draft
Appetizers,Fried Lobster with Rock Salt,,"Our Fried Lobster with Rock Salt features succulent lobster, chosen for its tender meat and rich flavor. The lobster is carefully prepared, with each piece cut into manageable portions while ensuring that the delicate meat remains intact. The lobster is then lightly coated in a thin layer of flour or cornstarch, which helps to create a crisp, golden crust when fried.",19500,0,,,no,draft
Noodles,Singapore Noodles,,"Embark on a culinary journey with our Singapore Noodles. A vibrant stir-fry of thin rice vermicelli noodles, tender pieces of meat or shrimp, and an array of colourful vegetables. Infused with aromatic spices and sauces, this dish offers a harmonious blend of textures and flavours that captures the essence of Southeast Asian cuisine.",10000,0,,,no,draft
Noodles,Vegetable Noodles,,"Experience the freshness of our Vegetable Noodles. Delicate egg or rice noodles are expertly stir-fried with a colourful medley of garden-fresh vegetables. This dish is a celebration of wholesome flavours, offering a satisfying harmony of textures and tastes that's both nourishing and delightful.""",9500,0,,,no,draft
Noodles,Singapore Noodles Mixed of Seafood,,"Dive into a symphony of flavours from the sea with our Seafood Singapore Noodles. A tantalizing stir-fry of thin rice vermicelli noodles, brimming with an assortment of succulent seafood. The dish is enriched with aromatic spices and sauces, offering a medley of textures and oceanic flavours that transport you to the shores of Southeast Asia.",10000,0,,,no,draft
Noodles,Spaghetti Bolognese,,"Indulge in a classic favourite with our Spaghetti Bolognese. Al dente spaghetti pasta is generously coated with a rich and hearty Bolognese sauce, lovingly prepared with a blend of seasoned ground meat and savoury tomatoes. This dish offers a timeless taste of Italian comfort that's both satisfying and nostalgic.",9000,0,,,no,draft
Noodles,Chinese Noodles Chicken,,"Our Chinese Noodles with Chicken features thin, springy noodles stir-fried to perfection, absorbing all the rich flavors of the sauce and other ingredients. The chicken, typically sliced thin and marinated in a mixture of soy sauce, garlic, and a touch of sesame oil, is cooked until tender and juicy. This marination ensures the chicken is full of flavor and remains moist throughout the cooking process.",9000,0,,,no,draft
Noodles,(Beef) Chinese Noodles,,"Our Chinese Noodles with BEEF features thin, springy noodles stir-fried to perfection, absorbing all the rich flavors of the sauce and other ingredients. The BEEF, typically sliced thin and marinated in a mixture of soy sauce, garlic, and a touch of sesame oil, is cooked until tender and juicy. This marination ensures the BEEF is full of flavor and remains moist throughout the cooking process.",9000,0,,,no,draft
Noodles,(Pork) Chinese Noodles,,"Our Chinese Noodles with PORK features thin, springy noodles stir-fried to perfection, absorbing all the rich flavors of the sauce and other ingredients. The PORK, typically sliced thin and marinated in a mixture of soy sauce, garlic, and a touch of sesame oil, is cooked until tender and juicy. This marination ensures the PORK is full of flavor and remains moist throughout the cooking process.",9000,0,,,no,draft
Noodles,(Chicken)Chinese Noodles Soup,,"Our Chinese Chicken Noodle Soup features tender slices of chicken, simmered gently in a fragrant broth until they are juicy and flavorful. The chicken is typically marinated with a touch of soy sauce, ginger, and garlic, which infuses it with subtle flavor while keeping it tender and moist.",8000,0,,,no,draft
Noodles,(Pork)Chinese Noodles Soup,,"Our PORK Noodle Soup features tender slices of pork simmered gently in a fragrant broth until they are juicy and flavorful. The PORN is typically marinated with a touch of soy sauce, ginger, and garlic, which infuses it with subtle flavor while keeping it tender and moist.",8000,0,,,no,draft
Noodles,(Beef)Chinese Noodles Soup,,"Our Chinese BEEF Noodle Soup features tender slices of BEEF, simmered gently in a fragrant broth until they are juicy and flavorful. The BEEF is typically marinated with a touch of soy sauce, ginger, and garlic, which infuses it with subtle flavor while keeping it tender and moist.",8000,0,,,no,draft
Chicken Dishes,Chicken with Chinese Vegetable,,"Experience a fusion of flavours with our Chicken with Chinese Vegetable dish. Tender pieces of chicken are expertly stir-fried alongside a medley of vibrant and crisp Chinese vegetables. This dish offers a delightful harmony of textures and tastes, combining the succulence of chicken with the freshness of vegetables for a satisfying culinary journey.",12000,0,,,no,draft
Chicken Dishes,Chicken with Mixed Vegetable,,"Discover a balanced medley of flavours with our Chicken with Mixed Vegetable dish. Tender chicken pieces are skilfully stir-fried alongside an assortment of colourful and crisp vegetables. This dish offers a harmonious blend of textures and tastes, showcasing the savoury goodness of chicken in combination with the freshness of mixed vegetables.",11000,0,,,no,draft
Chicken Dishes,Chicken with Broccoli,,"Experience a delightful pairing with our Chicken with Broccoli. Tender chicken is skilfully stir-fried with vibrant broccoli florets, creating a dish that's both flavourful and wholesome. This culinary creation offers a satisfying harmony of textures and tastes, capturing the essence of savoury protein and the freshness of vegetables.""",12000,0,,,no,draft
Chicken Dishes,Sweet and Sour Chicken Sauce,,"Delight in a balance of flavours with our Sweet and Sour Chicken. Tender pieces of chicken are coated in a tangy and vibrant sweet and sour sauce, offering a symphony of taste sensations. This dish combines the succulence of chicken with the delightful contrast of sweet and tangy notes, creating a memorable culinary experience.",11000,0,,,no,draft
Chicken Dishes,Shredded Chicken and Mushrooms,,"Experience a comforting combination with our Chicken and Mushrooms dish. Tender chicken is expertly prepared and paired with savoury mushrooms, creating a satisfying blend of flavours and textures. This dish offers a harmonious marriage of protein and earthy goodness, delivering a taste of comfort and culinary excellence.",11000,0,,,no,draft
Chicken Dishes,Diced Chicken with Black Sauce,,"Embark on a journey of bold flavours with our Chicken with Black Sauce. Tender chicken is stir-fried and coated in a rich and savoury black sauce, creating a dish that's as captivating as it is delicious. This culinary creation offers a unique and indulgent experience, showcasing the depths of flavour that come from skilful cooking techniques and carefully crafted sauces.",11000,0,,,no,draft
Chicken Dishes,Curry Chicken Sauce,,"Indulge in the exotic aromas of our Curry Chicken. Tender pieces of chicken are simmered in a flavourful curry sauce that's rich with spices and depth of taste. This dish offers a tantalizing blend of flavours that's both comforting and exciting, delivering a taste of the East in every forkful.",11000,0,,,no,draft
Chicken Dishes,Hot and Spicy Chicken,,"Brace yourself for a fiery flavour experience with our Hot and Spicy Chicken. Tender chicken pieces are coated in a bold and zesty hot sauce, creating a dish that's not only delicious but also packs a punch of heat. This culinary creation offers a thrilling balance of flavours, perfect for those who love a bit of spice in every bite.",11000,0,,,no,draft
Chicken Dishes,Chicken with Garlic Sauce,,"Indulge in the robust flavours of our Chicken with Garlic Sauce. Tender chicken is expertly prepared and accompanied by a savoury garlic-infused sauce, creating a dish that's both aromatic and satisfying. This culinary creation offers a harmonious blend of protein and the pungent allure of garlic, delivering a taste of bold and delectable indulgence.",11000,0,,,no,draft
Chicken Dishes,Szechuan Chicken Sauce,,"Embark on a culinary adventure with our Szechuan Chicken. Tender pieces of chicken are bathed in a bold and spicy Szechuan sauce, creating a dish that's as fiery as it is flavourful. This dish offers a tantalizing blend of aromatic spices and heat, capturing the essence of Szechuan cuisine in every mouth-watering bite.",11000,0,,,no,draft
Chicken Dishes,Black Pepper Chicken Sauce,,"Experience the savoury allure of our Black Pepper Chicken. Tender pieces of chicken are coated in a fragrant black pepper sauce, delivering a dish that's both aromatic and flavourful. This culinary creation offers a harmonious balance of protein and the distinctive warmth of black pepper, creating a taste sensation that's both comforting and bold.",11000,0,,,no,draft
Chicken Dishes,Chicken with Honey Sauce,,"Indulge in a touch of sweetness with our Chicken with Honey Sauce. Tender chicken is skilfully prepared and coated in a luscious honey-infused sauce, creating a dish that's both savoury and delicately sweet. This culinary creation offers a delightful harmony of flavours, showcasing the succulence of chicken in combination with the richness of honey.",11000,0,,,no,draft
Chicken Dishes,Chicken with Coconut Sauce,,"Embark on a tropical journey with our Chicken with Coconut Sauce. Tender chicken pieces are artfully prepared and served in a creamy and aromatic coconut sauce, creating a dish that's both indulgent and exotic. This culinary creation offers a harmonious blend of flavours, showcasing the succulence of chicken in combination with the lusciousness of coconut.",12000,0,,,no,draft
Chicken Dishes,Chicken with Cashew Sauce,,"Discover a delightful blend of textures with our Chicken with Cashew Sauce. Tender chicken is paired with crunchy cashews in a savoury sauce, creating a dish that's both satisfying and flavourful. This culinary creation offers a harmonious marriage of protein and nuttiness, delivering a taste of richness and crunch in every bite.",12000,0,,,no,draft
Chicken Dishes,Geogold Special Sauce,,"Experience the culinary masterpiece that is our Geogold Special Chicken. Tender chicken is expertly prepared and served in a sauce crafted to perfection. This dish encapsulates a symphony of flavours unique to our restaurant, offering a culinary adventure that's both satisfying and unforgettable. Geogold Special Chicken is a testament to our commitment to excellence in every dish we create.",12000,0,,,no,draft
Chicken Dishes,Diced Chicken in Chili Sauce,,"Our Diced Chicken in Chili Sauce features succulent pieces of chicken breast or thigh, cut into bite-sized cubes for easy eating. The chicken is marinated briefly to enhance its natural flavor, typically with a mix of soy sauce, rice wine, and a touch of cornstarch to help lock in the moisture and create a tender, juicy texture.",12000,0,,,no,draft
Chicken Dishes,Diced Chicken in Ginger & Oyster Sauce,,"Our Diced Chicken in Ginger & Oyster Sauce features juicy, bite-sized pieces of chicken breast or thigh, marinated to enhance their natural flavor and tenderness. The chicken is stir-fried to perfection, ensuring that each piece is cooked through yet remains moist and succulent.",12000,0,,,no,draft
Chicken Dishes,Shredded Chicken with Green-Pepper,,"Our Shredded Chicken with Green Pepper features thin strips of chicken breast or thigh, carefully shredded to ensure a tender and even texture. The chicken is marinated in a subtle blend of soy sauce, ginger, and garlic, which enhances its natural flavor without overpowering it. This marination process also helps to keep the chicken moist and tender during cooking.",11000,0,,,no,draft
Chicken Dishes,Diced Chicken in Coconut Sauce,,"Our Diced Chicken in Coconut Sauce features tender, bite-sized pieces of chicken breast or thigh, cooked to perfection to ensure juiciness and flavor. The chicken is first marinated in a light mixture of soy sauce, ginger, and garlic, which enhances its taste and adds a subtle depth of flavor.",11000,0,,,no,draft
Chicken Dishes,Kung Pao Chicken,,"Our Kung Pao Chicken features succulent pieces of chicken breast or thigh, diced into bite-sized portions for easy eating. The chicken is marinated in a mixture of soy sauce, rice wine, and cornstarch, which ensures it stays tender and juicy during cooking.",11000,0,,,no,draft
Chicken Dishes,Dried Chicken with Chlli and Garlic Sauce,,"Our Dried Chicken with Chili and Garlic Sauce features small, dried pieces of chicken that are cooked until they develop a slightly crispy texture on the outside while remaining tender and flavorful on the inside. The chicken is marinated in a mixture of soy sauce, rice wine, and a touch of cornstarch, which helps to lock in moisture and enhance its natural taste.",11000,0,,,no,draft
Soup,Seafood and Vegetable Soup,,"Dive into a bowl of our Seafood and Vegetable Soup. A medley of ocean's finest treasures and vibrant garden vegetables come together in a comforting broth. Each spoonful is a journey of flavours, offering the freshness of the sea and the wholesome goodness of vegetables in every bite.",6500,0,,,no,draft
Soup,Seafood Soup,,"Experience the bounty of the sea with our exquisite Seafood Soup. A rich and flavourful broth teeming with an array of succulent seafood treasures. From tender shrimp to delicate pieces of fish, every spoonful captures the essence of the ocean's finest offerings, delivering a taste of maritime indulgence.",6500,0,,,no,draft
Soup,Sweet Corn Soup,,"Embrace warmth and comfort with our Sweet Corn Soup. A velvety blend of sweet corn kernels, gentle spices, and a delicate creaminess that soothes the soul. This classic favorite is a testament to the beauty of simplicity, offering a heartwarming and satisfying bowl of goodness",6500,0,,,no,draft
Soup,Pecking Soup,,"Embark on a culinary journey with our Pecking Soup. A fragrant broth infused with a harmonious blend of aromatic herbs and tender pieces of poultry. This traditional delight captures the essence of time-honoured flavours, inviting you to savor a comforting and nourishing experience.",6500,0,,,no,draft
Soup,Cream Seafood Delight Soup,,"Indulge in the luxurious flavours of our Creamy Seafood Delight Soup. A velvety concoction that marries the richness of cream with an array of delectable seafood treasures. Each spoonful offers a harmonious blend of textures and tastes, making it a truly decadent choice for those seeking a taste of elegance.",6500,0,,,no,draft
Soup,Spicy Crab Meat Soup,,"Delight in the ocean's finest with our Crab Meat Soup. A luscious blend of tender crab meat, aromatic spices, and a savoury broth that captures the essence of the sea. Each spoonful is a celebration of flavours, offering a taste of indulgence and the pure delight of premium crab.",6500,0,,,no,draft
Soup,Chicken Cream Soup,,"Experience comfort in a bowl with our Chicken Cream Soup. A velvety blend of tender chicken, delicate herbs, and the luxurious creaminess that warms both heart and soul. This timeless classic offers a soothing escape and a taste of pure cosiness with every spoonful.",6500,0,,,no,draft
Soup,Vegetable Soup,,"Vegetable Soup: Our Vegetable Soup is a vibrant medley of freshness, carefully simmered to nourish the soul and delight the palate. This light yet flavorful broth is a testament to the richness of nature, brimming with a colorful array of seasonal vegetables, each selected for their crispness and depth of flavor. We blend tender carrots, succulent zucchini, sweet peas, and leafy greens, among other garden treasures, to create a harmony of tastes and textures. Infused with a delicate mix of herbs and a hint of garlic, the soup is gently simmered to draw out the vegetables' inherent sweetness and complexity. This wholesome bowl is not only a feast for the eyes but also a restorative elixir, perfect for starting your meal on a refreshing note or enjoying as a light, standalone dish. Our Vegetable Soup invites you to savor the simplicity and elegance of expertly prepared, garden-fresh produce.",6500,0,,,no,draft
Soup,Wonton Soup (Chicken),,"Our Wonton Soup (Chicken) begins with handmade chicken wontons, which are carefully crafted using a blend of ground chicken, finely chopped vegetables, and a touch of garlic and ginger for extra flavor. The chicken filling is wrapped in thin, delicate wonton wrappers, which are folded into their signature shape, creating little parcels of deliciousness.",6500,0,,,no,draft
Soup,Chicken with Corn Soup,,"Our Chicken with Corn Soup is made with succulent pieces of chicken breast or thigh, which are gently poached to retain their tenderness and juiciness. The chicken is finely shredded and added to a rich, savory broth that serves as the base of the soup.",6500,0,,,no,draft
Soup,De Geogold Seafood,,"Our De Geogold Seafood Soup is crafted with a selection of premium seafood, including succulent shrimp, tender scallops, delicate fish fillets, and sweet crab meat. Each piece of seafood is chosen for its freshness and flavor, ensuring that every bite is a taste of the sea.",6500,0,,,no,draft
Pork Dishes,Roasted Pork and Chinese Vegetable,,"Savour the fusion of flavours with our Roasted Pork and Chinese Vegetable dish. Succulent pieces of perfectly roasted pork are paired with a colourful medley of crisp, stir-fried vegetables, all harmonized by a savoury Asian-inspired sauce. A culinary delight that brings together the richness of pork and the freshness of vegetables in every delicious bite.",11000,0,,,no,draft
Pork Dishes,Roasted Pork with Mixed Vegetable,,"Indulge in a symphony of flavours with our Roasted Pork and Mixed Vegetable ensemble. Tender slices of succulent roasted pork, expertly paired with a vibrant medley of garden-fresh vegetables. This dish offers a delightful balance of hearty and wholesome, showcasing the artistry of culinary craftsmanship in every forkful.",11000,0,,,no,draft
Pork Dishes,Roasted Pork with Broccoli,,"Experience a delightful pairing with our Roasted Pork and Broccoli. Tender, flavourful slices of roasted pork are elegantly complemented by vibrant, lightly steamed broccoli florets. This dish harmonizes the richness of pork with the freshness of broccoli, delivering a satisfying and balanced culinary experience.",12000,0,,,no,draft
Pork Dishes,Pork with Mushrooms,,"Delight in a savoury medley with our Pork with Mushrooms. Succulent pieces of pork are sautéed to perfection and paired with a delectable assortment of mushrooms. A harmonious blend of textures and earthy flavors that creates a truly satisfying dish, offering a taste of culinary sophistication. Delight in a savoury medley with our Pork with Mushrooms. Succulent pieces of pork are sautéed to perfection and paired with a delectable assortment of mushrooms. A harmonious blend of textures and earthy flavours that creates a truly satisfying dish, offering a taste of culinary sophistication.",11000,0,,,no,draft
Pork Dishes,Pork and Cashew Nuts,,"Experience a perfect balance of flavours with our Pork and Cashew Nuts. Tender slices of pork stir-fried with a generous helping of crunchy cashew nuts, creating a delightful contrast of textures. The savoury-sweet sauce binds it all together, offering a mouth-watering dish that's both satisfying and indulgent.",11000,0,,,no,draft
Pork Dishes,Sweet & Pork,,"Our Sweet & Sour Pork features succulent pieces of pork that are marinated, lightly battered, and then fried to achieve a crispy, golden-brown exterior while keeping the meat tender and juicy inside. The pork is the star of this dish, providing a hearty and satisfying bite with every mouthful.",11000,0,,,no,draft
Pork Dishes,Shredded Pork in Spicy Sauce,,"Our Shredded Pork in Spicy Sauce features tender pork, thinly sliced into fine strips to ensure each piece is flavorful and easy to eat. The pork is marinated in a mixture of soy sauce, garlic, and a hint of ginger, which infuses the meat with savory undertones and keeps it juicy during cooking.",11000,0,,,no,draft
Pork Dishes,Pork in Chili Sauce,,"Our Pork in Chili Sauce features succulent pieces of pork that are carefully sliced or diced to ensure tenderness and an even distribution of flavors. The pork is marinated in a blend of soy sauce, garlic, and ginger, which enhances its natural flavors and helps to keep the meat juicy during cooking.",11000,0,,,no,draft
Pork Dishes,Pork Spareribs with Veggies,,"Our Pork Spareribs with Veggies features succulent pork spareribs that are slow-cooked or braised to achieve a tender, fall-off-the-bone texture. The ribs are marinated in a blend of soy sauce, garlic, and spices, allowing the flavors to deeply penetrate the meat, resulting in a savory and robust taste.",11000,0,,,no,draft
Pork Dishes,Sliced Lamb in Curry Sauce,,"Our Sliced Lamb in Curry Sauce features tender lamb, thinly sliced to ensure each piece is soft and flavorful. The lamb is marinated in a blend of spices, including garlic, ginger, and a touch of soy sauce, which enhances its natural flavors and keeps the meat juicy during cooking.",11000,0,,,no,draft
Pork Dishes,Sliced Lamb with Vegetables,,"Our Sliced Lamb with Vegetables features premium lamb, thinly sliced to ensure tenderness and even cooking. The lamb is marinated in a blend of soy sauce, garlic, ginger, and a touch of sesame oil, which enhances its natural flavors and keeps the meat juicy and flavorful.",11000,0,,,no,draft
Beef Dishes,Geogold Special Sauce,,"Elevate your dining experience with our signature Geogold Special Sauce. A tantalizing creation that combines a rich blend of flavours, carefully crafted to enhance the essence of your dish. With a perfect balance of savoury, tangy, and a touch of sweetness, this sauce adds a touch of culinary magic to any selection.",11000,0,,,no,draft
Beef Dishes,Beef and Curry Sauce,,"Indulge in a journey of taste with our Beef and Curry Sauce. Tender beef slices are luxuriously coated in a fragrant and rich curry sauce, infusing every bite with a symphony of exotic spices and hearty flavors. A harmonious fusion that captures the essence of global cuisine in a single, unforgettable dish.",11000,0,,,no,draft
Beef Dishes,Beef and Garlic Sauce,,"Experience the enticing aroma of our Beef and Garlic Sauce. Succulent beef slices are wok-tossed to perfection and bathed in a savoury garlic-infused sauce. The marriage of tender meat and the bold, aromatic essence of garlic creates a dish that's both comforting and full of flavour.",11000,0,,,no,draft
Beef Dishes,Hot and Spicy Beef Sauce,,"Ignite your taste buds with our Hot and Spicy Beef Sauce. Tender beef slices are enrobed in a fiery blend of spices, creating a dish that's as bold as it is flavorful. Each bite is a thrilling adventure, a dance of heat and flavor that leaves a tantalizing impression.",11000,0,,,no,draft
Beef Dishes,Huanan Beef Suace,,"Embark on a culinary journey with our Huanan Beef Sauce. A delightful fusion of East Asian flavour's, this dish features tender beef slices harmoniously combined with an exquisite blend of sauces and seasonings. Experience the rich cultural heritage of the Huanan region in every mouth-watering bite.",11000,0,,,no,draft
Beef Dishes,Mongolian Beef Sauce,,"Discover the allure of our Mongolian Beef Sauce. Tender beef slices are stir-fried to perfection and coated in a savory and slightly sweet Mongolian-inspired sauce. This dish embodies the spirit of Mongolian cuisine, bringing together bold flavors and exquisite textures for a truly satisfying experience.",11000,0,,,no,draft
Beef Dishes,Beef with Cashew Nut Sauce,,Experience a delightful contrast of flavours and textures with our Beef with Cashew Nut Sauce. Juicy beef slices are paired with crunchy cashew nuts and enveloped in a savoury sauce that strikes the perfect balance between savoury and nutty sweetness. This dish is a celebration of culinary harmony that's sure to please your palate.,11000,0,,,no,draft
Beef Dishes,Beef with Black Been Sauce,,Delight in a bold and savory adventure with our Beef with Black Bean Sauce. Succulent beef slices are stir-fried to perfection and combined with the robust flavours of black bean sauce. This dish offers a tantalizing blend of umami and richness that's as satisfying as it is memorable.,11000,0,,,no,draft
Beef Dishes,Beef with String Beef Sauce,,Delight in a bold and savoury adventure with our Beef with Black Bean Sauce. Succulent beef slices are stir-fried to perfection and combined with the robust flavours of black bean sauce. This dish offers a tantalizing blend of umami and richness that's as satisfying as it is memorable.,11000,0,,,no,draft
Beef Dishes,Shreeded Beef with Green Pepper & Onions,,"Shredded Beef with Green Pepper & Onions: Embark on a flavorful journey with our Shredded Beef with Green Pepper & Onions, a dish that masterfully combines tender, marinated beef with the crisp freshness of green bell peppers and the sweet sharpness of onions. The beef, carefully selected for its quality and texture, is slow-cooked until perfectly tender, then expertly shredded to absorb the rich blend of savory sauces and aromatic spices. Stir-fried with slices of green pepper and onion, this dish achieves a delightful balance of flavors and textures, where the sweetness of the vegetables complements the savory depth of the beef. A hint of spice and the smokiness from the wok lend an irresistible aroma and a bold character to this classic dish. Served steaming hot, our Shredded Beef with Green Pepper & Onions is a testament to the art of Chinese cooking, promising a memorable experience with every bite. Perfect for those who appreciate a dish that combines robust flavors with the freshness of vegetables, it's an ideal choice for a satisfying main course.",11000,0,,,no,draft
Beef Dishes,Beef with Broccoli,,"Our Beef with Broccoli features thin slices of premium beef, such as flank steak or sirloin, which are marinated to ensure maximum tenderness and flavor. The beef is marinated in a mixture of soy sauce, garlic, ginger, and a touch of cornstarch. This marination not only enhances the beef's flavor but also helps to create a silky, tender texture that pairs beautifully with the broccoli.",12000,0,,,no,draft
Beef Dishes,Sliced Beef in Black Pepper Sacue,,"Our Sliced Beef in Black Pepper Sauce features premium cuts of beef, such as flank steak or ribeye, thinly sliced to ensure tenderness and even cooking. The beef is marinated in a light mixture of soy sauce, garlic, and a touch of cornstarch, which not only enhances its flavor but also ensures a silky texture.",11000,0,,,no,draft
Beef Dishes,Beef with Dried Chlli and Garlic Sauce,,"Our Beef with Dried Chili and Garlic Sauce features tender slices of beef, expertly cut to ensure a perfect balance between tenderness and flavor absorption. The beef is marinated in a mixture of soy sauce, rice wine, and a touch of cornstarch, which helps to lock in the moisture and keep the meat juicy during cooking.",11000,0,,,no,draft
Sea Food Dishes,Shrimps with Chinese Vegetable,,"Experience the harmony of land and sea with our Shrimp with Chinese Vegetable dish. Plump and succulent shrimp are accompanied by a colourful array of stir-fried vegetables, all brought together by a savoury Asian-inspired sauce. A delightful balance of textures and flavours that invites you to savour the best of both worlds.",12500,0,,,no,draft
Sea Food Dishes,Shrimp and Mixed Vegetable,,"Dive into a symphony of flavours with our Shrimp and Mixed Vegetable medley. Tender shrimp are artfully paired with an assortment of vibrant, stir-fried vegetables, creating a dish that's as visually appealing as it is delicious. A celebration of freshness and taste that captures the essence of culinary craftsmanship.",14000,0,,,no,draft
Sea Food Dishes,Shrimps and Broccoli,,"Indulge in a taste of elegance with our Shrimp and Broccoli dish. Plump and succulent shrimp are paired with lightly steamed broccoli florets, creating a wholesome and flavourful combination. The delicate flavours of the shrimp harmonize with the freshness of the broccoli, offering a dish that's both satisfying and healthful.",15000,0,,,no,draft
Sea Food Dishes,Fried Shrimp Balls with Spicy,,"Embrace bold flavours with our Fried Shrimp Balls with Spicy Sauce. These delectable morsels feature plump shrimp rolled into crispy, golden balls and served with a tantalizing spicy sauce. Each bite is a fusion of textures and spices, making it a memorable choice for those seeking an exciting and flavourful culinary experience.",14000,0,,,no,draft
Sea Food Dishes,Shrimp with Black Been Sauce,,"Delight in a symphony of tastes with our Shrimp with Black Bean Sauce. Plump and succulent shrimp are stir-fried to perfection and paired with the rich and savoury flavours of black bean sauce. This dish offers a harmonious blend of textures and umami, creating a satisfying and memorable culinary journey",14000,0,,,no,draft
Sea Food Dishes,Shrimp and Cashew Nut,,"Experience a perfect pairing with our Shrimp and Cashew Nut dish. Plump and succulent shrimp are expertly stir-fried alongside crunchy cashew nuts, creating a delightful interplay of textures. The sauce binds these elements together, offering a savoury-sweet harmony that's sure to please your palate.",14000,0,,,no,draft
Sea Food Dishes,Hot Spicy Shrimp Sauce,,"Turn up the heat with our Hot Spicy Shrimp Sauce. Plump and succulent shrimp are infused with a fiery blend of spices, creating a dish that's not only delicious but also exhilarating. Each bite is a thrilling explosion of flavour, making this dish a favourite among spice enthusiasts.",14000,0,,,no,draft
Sea Food Dishes,Fried Shrimp Balls Sweet and Sour,,"indulge in a delightful blend of flavours with our Fried Shrimp Balls Sweet and Sour. Plump shrimp are transformed into crispy, golden balls and served with a tangy sweet and sour sauce. This dish offers a perfect harmony of textures and tastes, combining the crunch of the shrimp balls with the vibrant zing of the sauce.",14000,0,,,no,draft
Sea Food Dishes,Sizziling Prawns,,"Experience sizzling excitement with our Sizzling Prawns. Succulent prawns are cooked to perfection and presented on a sizzling platter, releasing an enticing aroma. The dish is a captivating sensory experience, offering both visual allure and a delectable taste of the sea.",15000,0,,,no,draft
Sea Food Dishes,Lobster with Black Bean Sauce,,"Lobster with Black Bean Sauce: Indulge in the luxurious taste of our Lobster with Black Bean Sauce, a dish that showcases the opulence of the sea married with the depth of traditional Chinese flavors. This exquisite creation features succulent lobster meat, carefully extracted from its shell and stir-fried with aromatic garlic, ginger, and scallions. The star of the dish, our savory black bean sauce, is a rich blend of fermented black beans, soy sauce, and a hint of Shaoxing wine, offering a complex flavor profile that perfectly complements the sweetness of the lobster. Each bite promises a symphony of textures and tastes, enhanced by the slight heat from fresh chili peppers and the earthy tones of the black bean sauce. Presented with elegance, this dish not only pleases the palate but also captivates the senses with its vibrant colors and enticing aroma. Ideal for a special occasion or a lavish feast, our Lobster with Black Bean Sauce is a testament to the art of fine Chinese cuisine, promising an unforgettable dining experience.",20500,0,,,no,draft
Sea Food Dishes,Lobster with Mushroom Sauce,,"Lobster with Mushroom Sauce: Experience the epitome of culinary elegance with our Lobster with Mushroom Sauce, a dish that harmoniously blends the ocean's bounty with the earthy richness of mushrooms. This gourmet offering features tender, succulent lobster tails, expertly prepared to preserve their natural juiciness and flavor. The lobster is then lavishly coated in a creamy mushroom sauce, crafted from a selection of the finest mushrooms, simmered in a rich broth with a touch of cream to achieve a velvety texture that complements the lobster's delicate taste. Enhanced with a whisper of garlic, a splash of white wine, and a hint of fresh herbs, this sauce elevates the dish to new heights of flavor complexity. Presented with a side of lightly sautéed greens, this dish is not only a feast for the taste buds but also a visual masterpiece that promises to enchant and delight. Perfect for those seeking a sophisticated dining experience, our Lobster with Mushroom Sauce is a testament to the refined simplicity of combining land and sea, offering an exquisite blend of textures and flavors that will leave you longing for more.",20500,0,,,no,draft
Sea Food Dishes,Lobster with Mixed Vegetables,,"Lobster with Mixed Vegetables: Revel in the vibrant and wholesome delicacy of our Lobster with Mixed Vegetables, a dish that epitomizes the fusion of sea's treasures with the bounty of the garden. This masterpiece starts with plump, juicy lobster tails, steamed or lightly grilled to perfection, preserving their natural sweetness and succulent texture. These heavenly pieces are then tossed together with a colorful medley of crisp, seasonal vegetables - including bell peppers, broccoli, snap peas, and carrots - all stir-fried to maintain their crunch and vivid hues.

The ensemble is lightly glazed with a delicate sauce that enhances but never overshadows the natural flavors of the ingredients. This sauce, a subtle blend of soy sauce, oyster sauce, and a hint of sesame oil, adds depth and a silky finish to the dish. Finished with a sprinkle of fresh scallions and cilantro for an added layer of freshness, our Lobster with Mixed Vegetables is a celebration of textures and flavors, offering a healthy, balanced, and utterly satisfying dining experience.

Perfect for those who appreciate the nuanced flavors of seafood combined with the crisp freshness of garden vegetables, this dish is a testament to the art of balancing diverse ingredients to create a harmonious and nutritious meal.",20500,0,,,no,draft
Sea Food Dishes,Lobster with Garlic Sauce in a Hot Plate,,"Lobster with Garlic Sauce in a Hot Plate: Immerse yourself in the aromatic allure of our Lobster with Garlic Sauce, served sizzling on a hot plate for an unforgettable dining spectacle. This dish features the king of the sea, the lobster, prepared with meticulous care to highlight its natural sweetness and tender texture. The lobster is sautéed with an abundance of finely minced garlic, creating a rich and fragrant base that permeates the succulent meat with its pungent, tantalizing aroma.

The garlic sauce, a masterful blend of soy sauce, a touch of sugar, and a hint of white pepper, is thickened to perfection, enveloping the lobster in a glossy, flavorful embrace. A splash of Shaoxing wine adds a layer of complexity and depth, enhancing the garlic's robust character without overpowering the lobster's delicate flavor.

Served on a hot plate, this dish arrives at your table bubbling and aromatic, promising a sensory experience that engages sight, smell, and taste. The heat from the plate continues to gently cook the sauce, ensuring every bite is infused with the warm, garlicky essence. Ideal for garlic lovers and those seeking a bold flavor profile, our Lobster with Garlic Sauce in a Hot Plate is a celebration of rich, comforting flavors, perfectly balanced to showcase the luxuriousness of lobster.",20500,0,,,no,draft
Sea Food Dishes,Calemari with Curry Sauce,,"Calamari with Curry Sauce: Tender calamari rings lightly battered and fried until golden, served with a rich, aromatic curry sauce that blends spices and coconut milk for a creamy, spicy kick. Perfect for those who love a touch of exotic flavor.",11500,0,,,no,draft
Sea Food Dishes,Calemari with Curry Sauce,,"Calamari with Garlic Sauce: Crispy fried calamari tossed in a savory garlic sauce, made with minced garlic, olive oil, and a hint of chili for a deliciously bold flavor. Ideal for garlic lovers seeking a crunchy, flavorful treat.",11500,0,,,no,draft
Sea Food Dishes,Calemari with Black Bean Sauce,,"Calamari with Black Bean Sauce: Tender calamari stir-fried with a savory black bean sauce, featuring fermented black beans, garlic, and a hint of ginger for a bold, flavorful experience. A perfect choice for enthusiasts of rich, umami flavors.",11500,0,,,no,draft
Sea Food Dishes,Shreded Calimari with Green Pepper,,"Our Shredded Calamari with Green Pepper features fresh calamari, carefully cleaned and cut into thin, tender strips. The calamari is lightly seasoned with a touch of salt, pepper, and a hint of garlic before being quickly stir-fried to preserve its delicate texture and natural sweetness.",12500,0,,,no,draft
Sea Food Dishes,Calamari in Chili Sauce,,"Our Calamari in Chili Sauce features fresh calamari, cut into rings or strips, and cooked to perfection. The calamari is lightly seasoned with salt and pepper, then quickly stir-fried to maintain its tender texture and natural sweetness.",12500,0,,,no,draft
Sea Food Dishes,Crab in Black Bean Sauce,,"Our Crab in Black Bean Sauce features fresh, succulent crab, typically cooked whole or in large pieces to retain its natural juices and tenderness. The crab is carefully prepared, with the shell cracked open to allow the rich flavors of the sauce to infuse the meat.",12500,0,,,no,draft
Sea Food Dishes,Crab with Ginger Spring Onions,,"Our Crab with Ginger and Spring Onions features fresh, succulent crab, typically cooked in large pieces to retain its tender meat and natural juices. The crab is lightly seasoned with salt and pepper, then stir-fried to perfection, allowing its sweet flavor to shine",12500,0,,,no,draft
Sea Food Dishes,Prawns in Chlli Sauce,,"Our Prawns in Chili Sauce features fresh, plump prawns that are carefully cleaned and deveined to ensure a tender and juicy bite. The prawns are lightly seasoned with salt and pepper, then quickly stir-fried or sautéed to maintain their natural sweetness and delicate texture.",14000,0,,,no,draft
Sea Food Dishes,Prawns in Garlic Sauce,,"Our Prawns in Garlic Sauce features fresh, succulent prawns that are meticulously cleaned and deveined, ensuring a tender and juicy bite in every mouthful. The prawns are lightly seasoned with salt and pepper, then quickly stir-fried or sautéed to lock in their natural sweetness while retaining a firm texture.",14000,0,,,no,draft
Sea Food Dishes,Prawns in Sweet and Sour Sauce,,"Our Prawns in Sweet and Sour Sauce features fresh, juicy prawns that are carefully cleaned and deveined to ensure a tender, plump bite. The prawns are lightly seasoned with salt and pepper and then quickly stir-fried or lightly battered and fried to achieve a crispy exterior while keeping the interior moist and flavorful.",14000,0,,,no,draft
Sea Food Dishes,Prawns in Szechuan Sauce,,"Our Prawns in Szechuan Sauce features fresh prawns, meticulously cleaned and deveined to ensure a succulent and flavorful bite. The prawns are lightly seasoned and quickly stir-fried to retain their natural sweetness and achieve a tender, juicy texture.",14000,0,,,no,draft
Sea Food Dishes,Prawns in Curry Suace,,"Our Prawns in Curry Sauce features plump, juicy prawns that are carefully cleaned and deveined to ensure a tender and flavorful bite. The prawns are lightly seasoned with salt and pepper, then quickly stir-fried or sautéed to lock in their natural sweetness and maintain their firm texture.",14000,0,,,no,draft
Sea Food Dishes,Prawns in Black Bean Sauce,,"Our Prawns in Black Bean Sauce features fresh, juicy prawns that are carefully cleaned and deveined to ensure a tender and flavorful bite. The prawns are lightly seasoned and quickly stir-fried to maintain their natural sweetness and firm texture.",14000,0,,,no,draft
Sea Food Dishes,Prawns in Ginger and Oyster Sauce,,"Our Prawns in Ginger and Oyster Sauce features fresh, succulent prawns that are meticulously cleaned and deveined to ensure a tender and juicy bite. The prawns are lightly seasoned with salt and pepper and then quickly stir-fried or sautéed to lock in their natural sweetness while maintaining their firm, delicate texture.",14000,0,,,no,draft
Sea Food Dishes,Mixed Seafood in Chili Sauce,,"Our Mixed Seafood in Chili Sauce features an assortment of the finest seafood, including prawns, squid, scallops, and tender pieces of fish, each carefully selected for their freshness and flavor. The seafood is lightly seasoned and quickly stir-fried to maintain its natural sweetness and firm texture.",14500,0,,,no,draft
Sea Food Dishes,Prawns with Brocoli,,"Our Prawns with Broccoli features fresh prawns, carefully cleaned and deveined to ensure a tender and juicy bite. The prawns are lightly seasoned with salt and pepper, then quickly stir-fried to lock in their natural sweetness while maintaining a firm, delicate texture.",15000,0,,,no,draft
Sea Food Dishes,Fried Lobster with Ginger & Spring Onions,,"Our Fried Lobster with Ginger & Spring Onions features succulent lobster, expertly prepared to ensure a tender and juicy bite. The lobster is lightly seasoned and then stir-fried to achieve a perfect balance between a slightly crispy exterior and a moist, flavorful interior.",20500,0,,,no,draft
Sea Food Dishes,Freid Lobster in Chili Sauce,,"Our Fried Lobster in Chili Sauce features fresh lobster, carefully prepared to ensure each piece is juicy and tender. The lobster is lightly battered and quickly fried to create a slightly crispy exterior that locks in the lobster’s natural sweetness and delicate texture.",20500,0,,,no,draft
Nigerian Dishes,Coconut Rice,,"Coconut Bliss Rice Bowl:
Indulge in a tropical escape with our Coconut Bliss Rice Bowl. Fragrant jasmine rice delicately cooked in creamy coconut milk, infused with the essence of exotic spices. Topped with a medley of fresh vegetables and your choice of succulent protein, this dish promises a symphony of flavors that will transport your taste buds to paradise. Immerse yourself in the rich, velvety texture of coconut-infused rice, a culinary journey that captures the essence of the tropics in every satisfying bite.",3000,0,,,no,draft
Nigerian Dishes,Oriental Rice and Mixed Meat,,"Embark on a culinary journey with our Oriental Rice and Mixed Meat Fusion. Experience the perfect marriage of traditional Asian flavors and contemporary twists. Fragrant jasmine rice serves as the canvas for a tantalizing array of mixed meats, expertly wok-tossed to perfection. Savory slices of beef, succulent chicken, and tender shrimp mingle harmoniously with crisp vegetables in a symphony of taste and texture. The medley is elevated with our signature oriental sauce, creating a dish that transcends borders, bringing together the best of both worlds on your plate. Prepare to savor a delightful union of diverse culinary influences in every delightful bite.",4000,0,,,no,draft
Nigerian Dishes,Basmatic Rice with Maryland Sauce,,"Dive into a seafood lover's paradise with our Basmati Rice paired with Maryland Sauce. Immerse your senses in the rich, briny essence of the Chesapeake Bay as plump shrimp, sweet crab, and tender scallops mingle with aromatic Basmati rice. The Maryland Sauce, a harmonious blend of Old Bay seasoning, butter, and a hint of lemon, envelops the dish in a coastal symphony of flavors. Each spoonful promises a delightful journey to the shores of Maryland, where the freshest ingredients meet the warmth of southern hospitality. Succulent, savory, and simply unforgettable – this dish is a celebration of the sea in every mouthwatering bite.",5500,0,,,no,draft
Nigerian Dishes,Kidney Souce Served with Boild Yam and Plantain,,"**Savory Kidney Medley with Boiled Yam and Plantain:**
Embark on a journey of rich, robust flavors with our Kidney Source served alongside perfectly boiled yam and sweet plantains. Our chefs artfully combine tender kidney cuts with a savory medley of spices, creating a dish that is both hearty and satisfying. The velvety texture of the kidney is complemented by the softness of boiled yam and the sweetness of plantains. Each bite is a celebration of traditional flavors, offering a symphony of tastes that pay homage to culinary heritage. A comforting and wholesome dish, this combination promises a unique and delicious experience for your taste buds.",5500,0,,,no,draft
Nigerian Dishes,Green Spinach with Boiled Yam or Plantain,,"**Palak Harmony - Green Spinach Delight with Boiled Yam or Plantain:**
Immerse yourself in the vibrant world of flavors with our Palak Harmony, a delightful fusion of green spinach paired with your choice of boiled yam or plantain. Fresh spinach leaves, sautéed to perfection with aromatic spices and herbs, create a verdant symphony on your plate. The velvety texture of the spinach melds seamlessly with the hearty goodness of boiled yam or the sweet notes of plantain, offering a perfect balance of flavors and textures. This dish is not just a celebration of greens but a culinary ode to simplicity and wholesomeness. Dive into a world of freshness and nourishment with every wholesome bite.",3000,0,,,no,draft
Nigerian Dishes,Poached or Omelet Egg with Chips,,"Elevate your breakfast experience with our Poached or Omelet Egg served alongside crispy golden chips. Immerse yourself in the luscious allure of a perfectly poached egg or the delightful fluffiness of an expertly crafted omelet. Nestled alongside these culinary masterpieces are golden-brown chips, adding a satisfying crunch to each bite. The contrast of velvety egg and crisp chips creates a harmonious symphony of textures, while the rich, runny yolk or savory omelet unfolds a burst of flavors. A breakfast treat that transcends the ordinary, this dish is a testament to the artistry of simplicity and the joy of classic morning indulgence.",3000,0,,,no,draft
Nigerian Dishes,Scotced Egg with Oath,,"Highland Scotch Egg with Oat Crust:
Experience the epitome of culinary craftsmanship with our Highland Scotch Egg accompanied by a hearty oat crust. Immerse yourself in the rich flavors of a perfectly soft-boiled egg encased in a golden layer of seasoned sausage meat. This classic dish takes a Scottish twist with a crunchy oat crust, adding a delightful nuttiness to each bite. The marriage of textures, from the succulent sausage to the creamy egg and the rustic oat coating, creates a symphony of flavors that pays homage to traditional Scottish fare. Elevate your dining experience with this indulgent treat, a perfect blend of heritage and innovation on every plate.",2500,0,,,no,draft
Nigerian Dishes,Meat Ball Sauce & Couscous or Pasta,,"Savor the taste of the Mediterranean with our tantalizing Meatball Sauce paired with your choice of fluffy couscous or al dente pasta. Succulent meatballs, crafted with a blend of premium meats and aromatic spices, are bathed in a rich, savory sauce that captures the essence of Mediterranean cuisine. The dish offers a harmonious marriage of textures and flavors, as the tender meatballs are perfectly complemented by the light and fluffy couscous or the comforting embrace of pasta. Every forkful is a journey through the sun-kissed flavors of the Mediterranean, promising a dining experience that is both satisfying and soul-soothing.",2500,0,,,no,draft
Nigerian Dishes,Jollof Rice Served with Special Sauce and Boiled Egg,,"Indulge in a celebration of West African flavors with our Jollof Rice, served alongside a tantalizing Special Sauce and a perfectly boiled egg. Our Jollof Rice is a symphony of fragrant basmati rice, slow-cooked in a tomato and pepper-infused blend of spices that embody the heart of West African cuisine. The Special Sauce, a secret blend of herbs and aromatics, elevates the dish to new heights of culinary delight. A perfectly boiled egg crowns this creation, offering a creamy addition to the medley. Immerse yourself in the rich tapestry of flavors, textures, and colors that define this quintessential West African dish, creating an experience that's both comforting and exhilarating.",6000,0,,,no,draft
Nigerian Dishes,Ofada Served with Special Sauce and Boiled Egg,,"Experience the rich tapestry of Nigerian cuisine with our Ofada rice, served alongside a tantalizing Special Sauce and a perfectly boiled egg. Each grain of Ofada rice tells a story of tradition, carefully cooked to perfection and infused with the authentic flavors of Nigeria. The Special Sauce, a closely guarded culinary secret, harmonizes with the earthy notes of the Ofada rice, creating a symphony of taste. A boiled egg adds a creamy touch, completing this flavorful trio. Dive into the heart of Nigerian culinary heritage with this dish that not only satisfies the palate but also captures the essence of tradition in every delicious bite.",4500,0,,,no,draft
Nigerian Dishes,Yam Porridge Served with Beef and Fish,,"Delight your senses with our Yam Porridge, a hearty bowl of comfort served with a delectable combination of beef and fish. Velvety yam cubes simmered to perfection in a flavorful broth create a comforting base for this dish. Succulent beef slices and tender fish add a symphony of protein-rich goodness, elevating the porridge to a surf-and-turf extravaganza. The melding of textures, from the soft yam to the hearty meats and flaky fish, promises a fulfilling and satisfying culinary experience. Immerse yourself in the warmth and heartiness of this wholesome combination, a perfect balance of flavors that celebrates the essence of home-cooked goodness.",5000,0,,,no,draft
Nigerian Dishes,Plantain Porridge Served with Beef and Fish,,"Embark on a culinary journey with our Plantain Porridge, a divine fusion of sweet plantains served alongside a delectable combination of beef and fish. Immerse yourself in the symphony of flavors as soft, ripe plantains meld with savory beef and succulent fish. The porridge is a celebration of textures, where the natural sweetness of plantains harmonizes with the richness of the beef and the delicate flavors of the fish. This dish is a testament to the artistry of combining ingredients in perfect balance, creating a truly satisfying and wholesome dining experience. Indulge in the warmth and depth of this Plantain Paradise, a delightful ode to the heartiness of home-cooked perfection.",5000,0,,,no,draft
Fish Dishes,Braise Fish with Seasonal Vegetables and Roasted Chilli Sauce,,"Delight in culinary artistry with our Braised Fish with Seasonal Vegetables and Roasted Chilli Sauce. Tender fish is lovingly braised to perfection and served alongside a medley of fresh, seasonal vegetables. The dish is elevated by a tantalizing roasted chilli sauce, creating a symphony of flavours that showcases the essence of both land and sea.",12000,0,,,no,draft
Fish Dishes,Sizzling Fish in Hot Plate,,"Experience the thrill of our Sizzling Fish in Hot Plate. Tender fish fillets are cooked to perfection and presented on a sizzling hot plate, creating an enticing aroma and a visual feast. The dish combines sizzle, flavour, and texture for a memorable dining experience that's both exciting and satisfying.",12000,0,,,no,draft
Fish Dishes,Sliced Fish with Garlic Sauce in Hot Plate,,"Discover the allure of our Fish with Garlic Sauce in Hot Plate. Succulent fish fillets are expertly prepared and presented on a sizzling hot plate, releasing an aroma that beckons. The dish is elevated with a savoury garlic sauce that perfectly complements the delicate flavours of the fish, creating a sensory delight that's both flavourful and aromatic.",12000,0,,,no,draft
Fish Dishes,Whole Fish with Sweet and Sour Sauce in Hot Plate,,"Embark on a journey of flavours with our Fish with Sweet and Sour Sauce in Hot Plate. Tender fish fillets grace a sizzling hot plate, releasing an enticing aroma. The dish is elevated with a delightful sweet and sour sauce that strikes a perfect balance between tangy and savoury, creating a taste sensation that's both visually stunning and incredibly satisfying.",13000,0,,,no,draft
Fish Dishes,Fish with Black Beans and Hot Sauce,,"Experience a culinary delight with our Fish with Black Beans and Hot Sauce. Tender fish fillets are masterfully combined with the robust flavours of black beans and a fiery hot sauce. This dish offers a tantalizing blend of textures and tastes, creating a harmonious interplay of savoury richness and spicy heat",12000,0,,,no,draft
Fish Dishes,Fish Wiht Mixed Veggies,,"Our Fish with Mixed Vegetables features tender fillets of fresh fish, such as cod, tilapia, or sea bass, chosen for their mild flavor and flaky texture. The fish is lightly seasoned with salt, pepper, and a hint of lemon juice to enhance its natural taste without overpowering it.",12000,0,,,no,draft
Fish Dishes,Fish in Chilli Sauce,,"Our Fish in Chili Sauce features fresh fish fillets, such as snapper, cod, or tilapia, chosen for their mild flavor and firm, flaky texture. The fish is lightly seasoned with salt and pepper, then either pan-fried or steamed until just cooked, ensuring that it remains tender and juicy.",12000,0,,,no,draft
Fish Dishes,Fish in Szechuan Sauce,,"Our Fish in Szechuan Sauce begins with fresh fish fillets, such as tilapia, cod, or sea bass, chosen for their mild flavor and flaky texture. The fish is lightly seasoned and quickly pan-fried or steamed to retain its tenderness and delicate taste.",12000,0,,,no,draft
Fish Dishes,Whole Fish with Vegetables & Chili Sauce,,"Our Whole Fish with Vegetables & Chili Sauce features a whole fish, such as sea bass, snapper, or tilapia, carefully selected for its firm texture and sweet, mild flavor. The fish is expertly cleaned and scored to ensure even cooking and maximum flavor absorption. It is then either steamed or lightly fried to achieve a tender, flaky interior with a slightly crisp exterior.",13000,0,,,no,draft
Rice Dishes,Geogold Special Fried Rice,,"Indulge in a culinary masterpiece with our Geogold Special Fried Rice. Fragrant rice is wok-tossed to perfection, infused with a symphony of carefully selected ingredients and our signature flavours. This dish is a celebration of culinary expertise, offering a harmonious blend of tastes and textures that's sure to leave a lasting impression.",9000,0,,,no,draft
Rice Dishes,Vegetable Fried Rice,,"Experience the vibrant flavours of our Vegetable Fried Rice. Fragrant rice is skilfully wok-tossed with a colourful array of garden-fresh vegetables, creating a dish that's both wholesome and satisfying. Each forkful is a celebration of nature's bounty, delivering a taste of healthful indulgence.",7000,0,,,no,draft
Rice Dishes,Beef Fried Rice,,"Savour the hearty flavours of our Beef Fried Rice. Fragrant rice is skilfully wok-tossed with tender beef slices, creating a dish that's both satisfying and flavourful. This classic combination is a celebration of robust tastes and expert cooking techniques, offering a taste of comfort and culinary excellence.",7000,0,,,no,draft
Rice Dishes,Roast Pork Fried Rice,,"Indulge in the savoury goodness of our Roast Pork Fried Rice. Fragrant rice is expertly wok-tossed with succulent pieces of roast pork, infusing every grain with rich, smoky flavours. A delightful symphony of textures and tastes that captures the essence of comfort and culinary artistry in every bite.",7000,0,,,no,draft
Rice Dishes,Shrimp Fried Rice,,"Delight in the ocean's bounty with our Shrimp Fried Rice. Fragrant rice is wok-tossed to perfection, mingling with plump shrimp to create a dish that's a celebration of seafood flavours. Each bite is a harmonious blend of textures and tastes, delivering the essence of coastal indulgence in every mouth-watering forkful",8000,0,,,no,draft
Rice Dishes,Singapore Fried Rice,,"Embark on a culinary journey with our Singapore Fried Rice. Fragrant rice takes center stage, wok-tossed with an enticing blend of shrimp, vegetables, and aromatic spices. This dish captures the essence of Asian street food, offering a harmonious fusion of flavours that's both exciting and satisfying.",8000,0,,,no,draft
Rice Dishes,Steamed Rice,,"Experience simplicity at its best with our Steamed White Rice. Fluffy and perfectly cooked, this classic staple provides the perfect canvas for savouring the rich flavours of your favourite dishes. It's a timeless accompaniment that complements any culinary journey.",6000,0,,,no,draft
Rice Dishes,Sea Food Rice,,"Dive into a world of flavours with our Seafood Rice. Fragrant rice is expertly prepared and adorned with a medley of ocean's treasures, including succulent shrimp, tender pieces of fish, and more. This dish offers a symphony of seafood delights, creating a culinary masterpiece that's sure to satisfy seafood enthusiasts.",8000,0,,,no,draft
Rice Dishes,Egg Fried Rice,,"Egg Fried Rice: Fluffy, aromatic rice stir-fried with beaten eggs, spring onions, and a mix of vegetables, seasoned with soy sauce and sesame oil for a simple yet deliciously satisfying dish. Ideal for a versatile side or light main course.",7000,0,,,no,draft
Rice Dishes,Chicken Fried Rice,,"Our Chicken Fried Rice begins with perfectly cooked, long-grain rice that is cooled and then stir-fried to achieve a light, fluffy texture. The rice is seasoned with soy sauce, adding a savory depth of flavor, and a hint of sesame oil for a subtle, aromatic touch.",7000,0,,,no,draft
Cafe Pizza,Magarita Pizza: Cheese and Sause,,"Indulge in the simplicity of our Margherita Pizza. A classic creation featuring a thin, crispy crust topped with a luscious layer of melted cheese and a vibrant tomato sauce. With a burst of freshness from the basil leaves, this pizza offers a timeless combination that celebrates the essence of Italian cuisine.",9500,0,,,no,draft
Cafe Pizza,Geogold Special Pizza,,"Experience a taste sensation with our Geogold Special Pizza. A masterpiece of flavours, this pizza boasts a harmonious blend of tangy tomato sauce, gooey mozzarella cheese, savoury pepperoni, vibrant tomatoes, and crisp green peppers. Drizzled with olive oil and sprinkled with oregano, every bite is a journey through culinary excellence.",9500,0,,,no,draft
Cafe Pizza,Chiken Pizza (Big Size),,"Experience pizza perfection with our Chicken Pizza (Big Size). This indulgence features a hearty combination of succulent chicken, gooey mozzarella cheese, zesty onion, crisp green pepper, vibrant tomatoes, and the rich flavours of olive oil and oregano. Topped off with our savoury sauce, each slice offers a symphony of tastes that's truly unforgettable.",8500,0,,,no,draft
Cafe Pizza,Chicken Pizza Small Size,,"Experience pizza perfection with our Chicken Pizza (Big Size). This indulgence features a hearty combination of succulent chicken, gooey mozzarella cheese, zesty onion, crisp green pepper, vibrant tomatoes, and the rich flavours of olive oil and oregano. Topped off with our savoury sauce, each slice offers a symphony of tastes that's truly unforgettable.",6500,0,,,no,draft
Cafe Pizza,Sea Food Pizza,,"Embark on a culinary voyage with our Seafood Pizza (Big Size). A canvas of delight awaits, adorned with succulent shrimp, briny olives, gooey mozzarella cheese, vibrant green pepper, a touch of chili sauce for a kick, juicy tomatoes, zesty onion, fragrant oregano, and a drizzle of olive oil. This pizza is a symphony of oceanic and Mediterranean flavours, delivering a taste of gourmet indulgence.""",8500,0,,,no,draft
Cafe Pizza,Seafood Pizza Small,,"Embark on a culinary voyage with our Seafood Pizza (Small Size). A canvas of delight awaits, adorned with succulent shrimp, briny olives, gooey mozzarella cheese, vibrant green pepper, a touch of chili sauce for a kick, juicy tomatoes, zesty onion, fragrant oregano, and a drizzle of olive oil. This pizza is a symphony of oceanic and Mediterranean flavours, delivering a taste of gourmet indulgence.""",6500,0,,,no,draft
Cafe Pizza,Vegie Pizza Big Size,,"Embrace the garden's bounty with our Veggie Pizza. A colourful canvas of crisp crust adorned with a vibrant medley of fresh vegetables, including tomatoes, bell peppers, onions, and more. This pizza celebrates the beauty of nature's flavours, offering a wholesome and satisfying slice of culinary delight.",8500,0,,,no,draft
Cafe Pizza,Vegie Size Small,,"Embrace the garden's bounty with our Veggie Pizza. A colourful canvas of crisp crust adorned with a vibrant medley of fresh vegetables, including tomatoes, bell peppers, onions, and more. This pizza celebrates the beauty of nature's flavours, offering a wholesome and satisfying slice of culinary delight.",6500,0,,,no,draft
Salad,Chicken Salad,,"Experience a medley of flavors with our Chicken Salad. Grilled chicken breast mingles with crisp lettuce, refreshing cucumber, hearty cabbage, boiled egg, tender carrot, and sweet corn to create a symphony of textures. Topped with a creamy dressing featuring the richness of olive oil and the tang of balsamic vinegar, this salad is a wholesome and indulgent delight.""",12000,0,,,no,draft
Salad,Tuna Fish Salad,,"Delight in the sea's bounty with our Tuna Fish Salad. Flaky tuna mingles with crisp lettuce, refreshing cucumber, and a boiled egg, creating a satisfying medley of textures. Drizzled with a harmonious dressing of olive oil and salad cream, enhanced with the tang of basmati vinegar, this salad offers a fresh and flavourful dining experience.",12000,0,,,no,draft
Salad,Cole Slaw,,"Indulge in simplicity with our Coleslaw. A harmonious blend of finely shredded cabbage, crisp cucumber, and tender carrot come together in a creamy embrace of mayonnaise. This side dish is a refreshing and satisfying addition to any meal, offering a cool and crunchy bite that's both familiar and delightful.",5000,0,,,no,draft
Salad,Shrimp Cocktail Salad,,"Delight in a burst of flavours with our Shrimp Cocktail Salad. Zesty shrimp are paired with juicy tomatoes, vibrant green pepper, and crisp cucumber to create a refreshing medley. Served with a tangy vinaigrette, this salad offers a tantalizing combination of textures and tastes that's both light and satisfying.",12000,0,,,no,draft
Salad,Pasta Salad,,"Embrace a medley of textures and flavours with our Pasta Salad. Organic fusilli pasta forms the base of this creation, harmoniously combined with crisp cabbage, boiled egg, sweet corn, and tender carrot. Drizzled with a dressing featuring the richness of olive oil, the tang of balsamic vinegar, and the creaminess of salad cream, this dish offers a satisfying and diverse dining experience.",12000,0,,,no,draft
Salad,Mix Vegetable Salad,,"Delight in nature's colours and flavours with our Mix Vegetable Salad. A vibrant assortment of fresh vegetables, including tomatoes, cucumbers, carrots, lettuce, and more, come together to create a refreshing and wholesome dish. This salad is a celebration of simplicity and healthful goodness, offering a taste of nature's finest ingredients.",10000,0,,,no,draft
Salad,Vegetable Salad,,"Our Vegetable Salad features a colorful mix of seasonal vegetables, each chosen for their freshness and texture. The base of the salad typically includes crisp lettuce or mixed greens, such as romaine, arugula, or baby spinach, which provide a light and slightly peppery foundation.",8000,0,,,no,draft
Shawarma,Chicken Shawama,,"Savour the essence of the Mediterranean with our Chicken Shawarma. Tender grilled chicken is wrapped in a warm pita, accented by crisp cabbage, creamy mayonnaise, zesty tomato ketchup, and the rich flavours of double sausage. A touch of chili sauce adds a kick of excitement, creating a delectable fusion of tastes that's perfect for a flavourful journey.""",2000,0,,,no,draft
Shawarma,Shawama Combo,,"Experience a taste adventure with our Shawarma Combo. This culinary delight features a trio of grilled goodness – tender chicken, succulent beef, and flavorful double sausage – all wrapped in a warm pita. Complemented by crisp cabbage, creamy mayonnaise, zesty tomato ketchup, and a touch of chili sauce, this combo offers a symphony of flavors that's both satisfying and exciting.",2500,0,,,no,draft
Shawarma,Beef Burger,,"Sink your teeth into a classic with our Beef Burger. Juicy beef patty cooked to perfection, nestled between two soft buns, and layered with fresh toppings. This burger is a testament to comfort and flavour, delivering a satisfying bite that captures the essence of timeless indulgence.",2000,0,,,no,draft
Smoothies,Blueberry Smoothies,,"Quench your thirst with our Blueberry Smoothie. A refreshing blend of plump blueberries, creamy yogurt, and a touch of sweetness, creating a delightful symphony of flavours. This smoothie is a burst of fruity goodness that's both refreshing and rejuvenating.",4000,0,,,no,draft
Smoothies,Watermelon Smoothies,,"Beat the heat with our Watermelon Smoothie. A revitalizing concoction of juicy watermelon, blended to perfection, offering a refreshing burst of natural sweetness. This smoothie is the perfect way to stay hydrated and cool down on a hot day.",4000,0,,,no,draft
Smoothies,Strawberry Pineapple,,"Experience a tropical delight with our Strawberry Pineapple Smoothie. A harmonious blend of sweet strawberries and tangy pineapple, combined with a smooth and creamy texture. This smoothie is a taste of paradise that's both invigorating and delicious.",4000,0,,,no,draft
Smoothies,Fruit Punch,,"Quench your thirst with our vibrant Fruit Punch. A delightful fusion of assorted fruits, expertly combined to create a refreshing and colourful medley. This punch is a symphony of flavours that's as visually appealing as it is satisfying, offering a taste of fruity delight in every sip.""",4000,0,,,no,draft
Smoothies,Banana Smothies,,"Indulge in creamy goodness with our Banana Smoothie. Ripe bananas blended to perfection, creating a luscious and satisfying drink. This smoothie is a simple yet delightful treat that offers a taste of wholesome sweetness in every sip.",4000,0,,,no,draft
Smoothies,Strawberry Smothie,,"Experience a burst of berry bliss with our Strawberry Smoothie. Ripe strawberries blended into a velvety concoction, offering a delightful balance of sweet and tangy flavours. This smoothie is a refreshing and invigorating choice that captures the essence of nature's goodness.",4000,0,,,no,draft
Smoothies,Mango/Banana Smothie,,"Enjoy a tropical fusion with our Mango Banana Smoothie. The creamy sweetness of ripe mangoes harmoniously blended with the wholesome goodness of bananas, creating a velvety and satisfying drink. This smoothie is a taste of paradise that's both refreshing and indulgent.",4000,0,,,no,draft
Smoothies,Mixed Berries and Banana,,"Delight in a burst of berry goodness with our Mixed Berries and Banana Smoothie. A medley of vibrant berries, complemented by the creamy sweetness of bananas, creates a harmonious blend of flavours. This smoothie is a celebration of nature's vibrant palette, offering a refreshing and rejuvenating experience.",4000,0,,,no,draft
Smoothies,Vanilla Bean,,"Experience pure elegance with our Vanilla Bean Smoothie. The smooth richness of vanilla beans is expertly blended into a velvety concoction, offering a taste of sophistication and comfort in every sip. This smoothie is a timeless choice that captures the essence of indulgence.",4000,0,,,no,draft
Smoothies,Coconut Smothies,,Escape to a tropical paradise with our Coconut Smoothie. Creamy coconut milk combines with a medley of flavours to create a velvety and refreshing concoction. This smoothie is a taste of exotic delight that transports you to the tranquil shores of the beach.,4000,0,,,no,draft
Mocktails,Shirley Temple,,"Indulge in a delightful and non-alcoholic treat with our Shirley Temple. This classic mocktail features a bubbly blend of ginger ale, grenadine, and a maraschino cherry garnish. With its vibrant colour and refreshing taste, the Shirley Temple is the perfect choice for those seeking a touch of sweetness and a moment of fun.",4000,0,,,no,draft
Mocktails,Berry Burlesque,,"Experience a burst of berry bliss with our Berry Burlesque mocktail. A tantalizing fusion of assorted berries, elegantly combined with a touch of citrus and a hint of mint. This mocktail offers a playful dance of flavours that's both refreshing and seductive, capturing the essence of fruity delight in every sip.",4000,0,,,no,draft
Mocktails,Virgin Cucumber,,"Refresh your palate with our Virgin Cucumber mocktail. Crisp cucumber mingles with a delicate blend of citrus and herbs, creating a drink that's both rejuvenating and invigorating. This mocktail offers a soothing and cooling sensation, perfect for those who appreciate the purity of flavours and a moment of tranquillity.",4000,0,,,no,draft
Mocktails,Pineapple Ginger Beer,,"Embark on a tropical journey with our Pineapple Ginger Beer mocktail. The vibrant sweetness of pineapple is paired with the gentle heat of ginger, creating a refreshing and zesty concoction. This mocktail is a celebration of exotic flavours and a touch of spice, offering a taste of the tropics with a delightful twist.",4000,0,,,no,draft
Mocktails,Pineapple Cobbler Strawberry Juice,,"Indulge in a fruity fusion with our Pineapple Cobbler Strawberry Juice. Ripe pineapple and succulent strawberries are expertly combined to create a refreshing and vibrant concoction. This juice is a harmonious blend of tropical and berry flavours, offering a taste of indulgence that's both satisfying and invigorating.",4000,0,,,no,draft
Mocktails,Virgin Polama,,"Experience a taste of elegance with our Virgin Polama mocktail. This refined creation combines a medley of fruit juices and a hint of mint, delivering a refreshingly sophisticated sip. Perfect for those who seek a balanced and invigorating drink, our Virgin Polama offers a moment of pure indulgence without the alcohol.",4000,0,,,no,draft
Mocktails,Revitalize,,"Revitalize your senses with our aptly named Revitalizer mocktail. A rejuvenating blend of citrus juices, herbal infusions, and a touch of sparkling water, creating a drink that's both invigorating and refreshing. This mocktail offers a burst of natural flavours that awaken the palate and energize the spirit.",4000,0,,,no,draft
Mocktails,Coco-Colade,,"Experience the best of two worlds with our Coco-Colade mocktail. A playful fusion of coconut water and the classic taste of cola, creating a refreshing and surprising concoction. This mocktail offers a unique combination of flavours that's both nostalgic and revitalizing, perfect for those seeking a taste adventure.",4000,0,,,no,draft
Mocktails,Chapman,,"Experience the spirit of togetherness with our Chapman mocktail. A delightful fusion of citrus juices, grenadine, aromatic bitters, and a hint of ginger ale, creating a refreshing and flavourful concoction. This mocktail is a celebration of camaraderie and enjoyment, capturing the essence of Nigerian hospitality in every sip.",4000,0,,,no,draft
Mocktails,After Glow,,"Experience the beauty of a sunset in a glass with our After Glow mocktail. A mesmerizing blend of orange, pineapple, and cranberry juices create a stunning gradient of colours. This mocktail offers a refreshing and tangy taste that captures the magical transition from day to night in a single sip.",4000,0,,,no,draft
Snacks and Ice Cream,Meat Pie,,"Indulge in a savoury delight with our Meat Pie. Flaky pastry encases a flavourful mixture of seasoned meat, creating a handheld treat that's both satisfying and comforting. This classic dish is a testament to culinary craftsmanship, offering a taste of warmth and nostalgia in every bite.",700,0,,,no,draft
Snacks and Ice Cream,Chicken Pie,,"Experience comfort in every bite with our Chicken Pie. Tender pieces of chicken are enveloped in a flaky pastry crust, creating a savoury delight that's both satisfying and flavourful. This timeless favourite captures the essence of home-cooked goodness and culinary excellence.",700,0,,,no,draft
Snacks and Ice Cream,Doughnuts,,"Delight in a sweet treat with our Doughnuts. These fluffy and perfectly fried pastries offer a satisfyingly soft interior and a delectably golden exterior. Topped with an array of glazes, sprinkles, or powdered sugar, our doughnuts promise a delightful burst of flavour and a moment of pure indulgence.",600,0,,,no,draft
Snacks and Ice Cream,Puff Puff,,"Savour the magic of our Puff Puff. These delightful, golden-brown spheres are a celebration of fried dough goodness. With their crispy exterior and soft, airy interior, Puff Puff is a beloved snack that's perfect for enjoying on its own or sharing with friends.",300,0,,,no,draft
Snacks and Ice Cream,Ice Cream Family Size,,"Experience pure delight with our Ice Cream. A symphony of flavours and textures awaits, as you indulge in creamy scoops of frozen goodness. From classic vanilla to exciting combinations, our ice cream is a sweet escape that offers a moment of joy and comfort.",6000,0,,,no,draft
Snacks and Ice Cream,Ice Cream,,"Experience pure delight with our Ice Cream. A symphony of flavours and textures awaits, as you indulge in creamy scoops of frozen goodness. From classic vanilla to exciting combinations, our ice cream is a sweet escape that offers a moment of joy and comfort.",3000,0,,,no,draft
Snacks and Ice Cream,Ice Cream,,"Experience pure delight with our Ice Cream. A symphony of flavours and textures awaits, as you indulge in creamy scoops of frozen goodness. From classic vanilla to exciting combinations, our ice cream is a sweet escape that offers a moment of joy and comfort.",600,0,,,no,draft
Snacks and Ice Cream,Ice Cream,,"Experience pure delight with our Ice Cream. A symphony of flavours and textures awaits, as you indulge in creamy scoops of frozen goodness. From classic vanilla to exciting combinations, our ice cream is a sweet escape that offers a moment of joy and comfort.",1300,0,,,no,draft
Snacks and Ice Cream,Moi Moi,,Enjoy our delicious Moi Moi,600,0,,,no,draft
Drinks,Hot Chocolate,,"Embrace warmth and decadence with our Hot Chocolate. A velvety blend of rich cocoa and steaming milk, topped with a dollop of whipped cream or marshmallows. This comforting beverage is a soothing embrace on chilly days, offering a taste of indulgence that warms both body and soul.",1,0,,,no,draft
Drinks,Cappuccino,,"Awaken your senses with our Cappuccino. A harmonious blend of bold espresso, velvety steamed milk, and a delicate layer of frothy foam. This classic coffee creation offers a balance of strength and smoothness, making it a delightful choice for those seeking both flavour and sophistication.",10,0,,,no,draft
Drinks,Brewed Coffee,,"Experience the essence of simplicity with our Brewed Coffee. Expertly crafted from freshly ground beans, this coffee delivers a robust and satisfying flavour that captures the true character of the bean. Whether enjoyed on its own or customized to your taste, our brewed coffee offers a comforting and energizing sip.",10,0,,,no,draft
Drinks,Lipton Tea,,"Enjoy a timeless classic with our Lipton Tea. A soothing and flavourful blend that offers a comforting sip of relaxation. Served hot or cold, Lipton Tea is a perfect companion for moments of reflection and rejuvenation.",10,0,,,no,draft
Drinks,Top Tea,,"Discover a world of flavours with our Top Tea. This premium blend offers a delightful infusion of carefully selected tea leaves, creating a cup that's both aromatic and satisfying. Whether enjoyed alone or with friends, our Top Tea promises a taste of quality and refinement.",10,0,,,no,draft
Drinks,Nescafe,,"Awaken your senses with our Nescafé. A rich and invigorating cup of instant coffee that offers the perfect pick-me-up. Whether enjoyed as a quick morning ritual or a midday boost, Nescafé delivers a bold and flavourful experience that's both convenient and satisfying.",1,0,,,no,draft
Drinks,Vanilla Milkshake,,"Awaken your senses with our Nescafé. A rich and invigorating cup of instant coffee that offers the perfect pick-me-up. Whether enjoyed as a quick morning ritual or a midday boost, Nescafé delivers a bold and flavourful experience that's both convenient and satisfying.",1,0,,,no,draft
Drinks,Strawberry Milkshake,,"Indulge in a taste of sweetness with our Strawberry Milkshake. Ripe strawberries are blended to perfection with creamy milk, creating a velvety concoction that's both refreshing and delightful. This milkshake is a burst of fruity goodness that offers a moment of pure indulgence.",1,0,,,no,draft
Drinks,Chocolatte Oreos Milkshake,,"Experience a decadent treat with our Chocolate Oreo Milkshake. Rich chocolate meets the classic crunch of Oreo cookies, all blended together with creamy milk to create a luscious concoction. This milkshake is a harmonious fusion of flavours and textures, offering a taste of indulgence that's truly unforgettable.",1,0,,,no,draft
Drinks,Mocha Shake,,"Indulge in the best of both worlds with our Mocha Shake. A delightful fusion of rich espresso and velvety chocolate, expertly blended to create a decadent and satisfying concoction. This shake is a harmony of flavours that captures the essence of coffee and chocolate, offering a moment of pure delight.",1,0,,,no,draft
Drinks,Banana Shake,,Experience creamy goodness with our Banana Shake. Ripe bananas are blended with creamy milk to create a smooth and satisfying concoction. This shake is a simple yet delightful treat that offers a taste of natural sweetness and comfort in every sip.,1,0,,,no,draft
Drinks,"Wazobia ( Banana ,Milk and Peanut)",,"Discover a unique blend of flavours with our Wazobia Shake. Ripe bananas, creamy milk, and the wholesome goodness of peanuts come together to create a rich and satisfying concoction. This shake is a celebration of diverse tastes, offering a taste of indulgence that's both familiar and exciting.",1,0,,,no,draft
Drinks,"Cocoyolada (Banana ,Coconut,Milk and Pineapple))",,"Escape to a tropical paradise with our Cocoyolada Shake. Ripe bananas, the creamy essence of coconut, refreshing pineapple, and creamy milk harmoniously blend to create a luscious and exotic concoction. This shake is a journey through flavours, offering a taste of the tropics and a moment of pure indulgence.",1,0,,,no,draft
Drinks,Cafe De-Lite,,"Experience a symphony of flavours with our Café De-Lite. This luxurious creation combines rich coffee, creamy vanilla ice cream, tangy yogurt, the lusciousness of coconut milk, and the freshness of apple. This indulgent drink offers a harmonious fusion of tastes that's both invigorating and delightfully satisfying.",1,0,,,no,draft
Drinks,Jack Daniel,,"Embrace the legendary spirit of Jack Daniel's. This iconic Tennessee whiskey embodies a legacy of craftsmanship and flavour, offering a smooth and distinctive taste that captures the essence of tradition and quality. Whether savoured neat, on the rocks, or as the base for a classic cocktail, Jack Daniel's is a symbol of timeless enjoyment.",1,0,,,no,draft
Drinks,Tequila,,"Experience the vibrant spirit of Tequila. Crafted from the blue agave plant, this distilled beverage offers a range of flavours, from the earthy notes of Blanco to the oak-aged complexities of reposado and añejo. Served as a shot, in cocktails, or sipped slowly, Tequila promises a taste of Mexico's rich culture and zest for life.",1,0,,,no,draft
Drinks,Smirnoff XL,,"Delight in the refreshing essence of Smirnoff XL. This iconic vodka offers a clean and smooth taste that's perfect for cocktails and mixing. Whether you're enjoying it on the rocks or crafting your favourite drink, Smirnoff XL promises a versatile and satisfying experience that's synonymous with quality and enjoyment.",1,0,,,no,draft
Drinks,Barcardi,,"Experience the spirit of the Caribbean with Bacardi. This renowned rum brand offers a wide range of options, from the light and versatile Bacardi Superior to the rich and complex flavours of aged varieties. Whether in cocktails or enjoyed neat, Bacardi captures the essence of the islands and delivers a taste of tropical indulgence.",1,0,,,no,draft
Drinks,Red Label,,"Experience the essence of Johnnie Walker Red Label. This iconic Scotch whisky offers a blend of bold flavours, creating a drink that's both robust and versatile. With a mix of malt and grain whiskies, Red Label is a go-to choice for those seeking a balanced and timeless whisky experience.",1,0,,,no,draft
Drinks,Hennessy,,"Indulge in the elegance of Hennessy. This renowned cognac boasts a legacy of craftsmanship that spans centuries, offering a rich and complex taste that's synonymous with luxury. With its blend of eaux-de-vie and distinct notes of fruit and spice, Hennessy captures the essence of refined enjoyment and sophistication.",1,0,,,no,draft
Drinks,Tea with Lemon Infusion,,"Elevate your tea experience with our Lemon Infusion Tea. A harmonious blend of your favourite tea complemented by the bright and zesty essence of lemon. This infusion offers a refreshing twist that's both invigorating and soothing, creating a perfect balance of flavours for your sipping pleasure",1,0,,,no,draft
Drinks,Tea with Ginger Infusion,,"Discover the warmth of our Ginger Infusion Tea. Your chosen tea is artfully paired with the invigorating and spicy notes of ginger. This infusion delivers a comforting and revitalizing experience, offering a blend of flavours that's both soothing and invigorating.",1,0,,,no,draft
Drinks,Water,,"Quench your thirst with the pure simplicity of water. This essential and life-giving beverage offers refreshment and hydration, providing a clean and clear taste that's both essential for your well-being and a perfect companion for any meal or occasion.",1,0,,,no,draft
Drinks,Soda,,"Enjoy the effervescent delight of soda. This fizzy and flavourful beverage comes in a range of exciting flavours, offering a refreshing and bubbly experience. Whether enjoyed on its own or paired with your favourite dishes, soda adds a touch of excitement to your palate.",1,0,,,no,draft
Drinks,Red Bull,,"Unleash your energy with Red Bull. This iconic energy drink offers a refreshing blend of caffeine, taurine, B-vitamins, and other ingredients that provide a boost of vitality and focus. Whether you need an extra kick to power through the day or to fuel your active lifestyle, Red Bull is a popular choice for those seeking a burst of energy.",1,0,,,no,draft
Drinks,Climax,,"Elevate your energy with Climax Energy Drink. Designed to provide a revitalizing boost, this drink combines a mix of ingredients to help enhance focus and stamina. Whether you're aiming to conquer your goals or stay alert, Climax Energy Drink is a choice for those seeking an invigorating experience.",1,0,,,no,draft
Drinks,Monster Energy Drink,,"Unleash the beast with Monster Energy Drink. Packed with caffeine, taurine, and a blend of other energizing ingredients, this iconic beverage offers a bold and powerful boost of vitality. Whether you're looking to conquer challenges or power through your day, Monster Energy Drink is a choice for those seeking an electrifying burst of energy.",1,0,,,no,draft
Drinks,Power Horse Energy Drink,,"Experience a surge of energy with Power HoRse Energy Drink. Crafted to provide a dynamic boost, this beverage combines a mix of invigorating ingredients to help enhance focus and stamina. Whether you're facing a busy day or need an extra push during workouts, Power House Energy Drink is designed to empower your performance.",1,0,,,no,draft
Drinks,Heineken,,"Embrace the timeless taste of Heineken. This world-renowned lager offers a balanced and refreshing flavour profile, perfect for those who appreciate a crisp and smooth beer. With its distinctive green bottle and iconic label, Heineken is a symbol of quality and enjoyment, inviting you to savour the moment.",1,0,,,no,draft
Drinks,Hero,,"HERO A rich and complex craft beer that embodies the artistry of brewing. This unique beer boasts a deep amber hue, with hints of caramel and toasted malt on the nose. With a well-balanced blend of floral hops and a touch of citrus, it offers a smooth and satisfying taste. The creamy head enhances the overall sensory experience, making it a perfect companion for moments of relaxation and enjoyment.",1,0,,,no,draft
Drinks,Orijin Can,,"Discover the authentic taste of Orijin Can Beer. Crafted with meticulous care, this beer offers a delightful fusion of flavors that captures the spirit of Africa. With its rich and balanced profile, Orijin Can Beer delivers a satisfying blend of malt and hops, creating a refreshing and crisp taste. Whether shared with friends or enjoyed in solitude, Orijin Can Beer is a tribute to culture and craftsmanship.",1,0,,,no,draft
Drinks,Sminoff Ice,,"Experience a refreshing twist with Smirnoff Ice. This iconic malt beverage combines the crispness of citrus flavours with the smoothness of Smirnoff Vodka. The result is a balanced and invigorating drink that offers a zesty kick and a touch of sweetness. Whether enjoyed on a sunny day or as a lively addition to social gatherings, Smirnoff Ice is a popular choice for those seeking a flavourful and fun beverage.",1,0,,,no,draft
Drinks,Guniess,,"Indulge in the iconic taste of Guinness Beer. With its deep, dark colour and creamy head, Guinness is a symbol of craftsmanship and tradition. The beer's velvety texture and rich flavours of roasted malt, hints of coffee, and a touch of bitterness create a distinctive and complex profile. Whether poured in a classic pint glass or enjoyed straight from the bottle, Guinness Beer invites you to savour the depth and character of this timeless stout.",1,0,,,no,draft
Drinks,Star Beer,,"Discover the bright taste of Star Beer. This lager offers a refreshing and crisp profile, making it a popular choice for those seeking a light and easy-drinking experience. With a golden hue and a well-balanced blend of malt and hops, Star Beer is a versatile option that's perfect for both casual gatherings and moments of relaxation. Raise a glass to the simple pleasures of a refreshing lager.",1,0,,,no,draft
Drinks,Origin Betters,,"Experience the essence of tradition with our Origin Bitters. A distinct African blend of carefully selected herbs and botanicals, expertly crafted to create a unique and flavourful infusion. This bitters mix adds a layer of complexity to your beverages, offering a taste of cultural heritage and a potential burst of healthful benefits.",1,0,,,no,draft
Drinks,Smirnoff Double Black,,"Embrace the boldness of the night with Smirnoff Double Black. This premium vodka offers a smooth and daring taste, meticulously crafted to deliver a richer and more intense vodka experience. Whether enjoyed on its own or as the foundation of your favourite cocktails, Smirnoff Double Black is a tribute to modern sophistication and unforgettable moments.",1,0,,,no,draft
Drinks,Chinese Tea,,"Immerse yourself in the time-honoured tradition of Chinese Tea. Crafted with meticulous care, our selection offers a captivating range of flavours and aromas. From the delicate notes of green tea to the robust richness of oolong, each sip tells a story of heritage and expertise. Discover the art of tea appreciation as you savour the diverse nuances that Chinese tea brings to every cup.",2000,0,,,no,draft
Wines,Drostdy Extra White Wine,,"Savour the crisp elegance of Drostdy Extra White Wine. This well-crafted wine delivers a harmonious balance of fruity and floral notes, offering a refreshing and sophisticated taste. Whether enjoyed on its own or paired with a variety of dishes, Drostdy Extra White Wine is a testament to the art of winemaking.",1,0,,,no,draft
Wines,Domino Del Ray White Wine,,"Indulge in the charm of Domino Del Ray White Wine. This exquisite selection boasts a delicate blend of flavors, from citrusy undertones to a hint of floral notes, creating a wine that's both refreshing and refined. With its smooth profile, Domino Del Ray White Wine is the perfect companion for moments of relaxation and enjoyment.",1,0,,,no,draft
Wines,Four Cousins White,,"Experience the elegance of Four Cousins White Wine. This fine selection offers a harmonious blend of crisp citrus and delicate floral notes, creating a wine that's both refreshing and inviting. With its balanced flavours and smooth finish, Domino Del Ray White Wine is the embodiment of sophistication and enjoyment.",1,0,,,no,draft
Wines,Carlo Rossi Sweet Red,,"Embrace the sweet side of life with Carlo Rossi Sweet Red Wine. This delectable choice offers a luscious fusion of ripe berry flavours and a touch of sweetness, creating a wine that's both indulgent and approachable. Perfect for those who appreciate a hint of sweetness in their wine, Carlo Rossi Sweet Red is a delightful companion to moments of enjoyment.",1,0,,,no,draft
Wines,Carlo Rossi White,,"Discover the enchantment of Carlo Rossi White Wine. With its inviting bouquet and a palate of crisp fruitiness, this white wine brings a touch of elegance to your glass. Whether enjoyed on a warm afternoon or as the perfect complement to a delightful meal, Carlo Rossi White offers a harmonious balance of flavours that embodies the essence of indulgence.""",1,0,,,no,draft
Wines,Carlo Rossi California Red,,"Experience the allure of the Golden State with Carlo Rossi California Red Wine. A tribute to the sun-soaked vineyards, this red wine offers a medley of rich berry flavours, a velvety texture, and a touch of warmth. From the first sip to the last, Carlo Rossi California Red takes you on a journey through California's finest vineyards, encapsulating the spirit of wine country in every pour.",1,0,,,no,draft
Wines,Nederbarg,,One of the best around thats it.,1,0,,,no,draft
Wines,Fourth Street Sweet Red,,"Indulge in the sweetness of life with Fourth Street Sweet Red Wine. This wine captivates the senses with its luscious berry flavours and a gentle hint of sweetness. A perfect balance of fruitiness and charm, Fourth Street Sweet Red is an invitation to savour the joyous moments and celebrate the pleasures of the palate.",1,0,,,no,draft
Wines,Chamdon,,"Chamdon is a refreshing and delicious sparkling grape juice that is perfect for any occasion. It is made with the highest quality grapes and is free of alcohol, so it is perfect for people who are looking for a non-alcoholic beverage. Chamdon can be enjoyed on its own or paired with a variety of foods, making it the perfect drink for any celebration.",1,0,,,no,draft
Wines,Veleta,,"Veleta is made from the finest red grapes and is free of alcohol, so it is perfect for people who are looking for a healthier option. It is also a good choice for people who are driving or who are pregnant. Veleta can be enjoyed on its own or paired with a variety of light meals, making it the perfect drink for any occasion.",1,0,,,no,draft
Wines,Pure Heaven,,"Pure Heaven is a non-alcoholic wine that is made with the same care and attention to detail as a traditional wine. It is free of alcohol, but it still has the same rich flavour and aroma. Pure Heaven is the perfect choice for people who want to enjoy the taste of wine without the negative effects of alcohol. It is also a good choice for people who are driving or who are pregnant.",1,0,,,no,draft
Wines,Andre Brut,,"Andre Brut is a sparkling wine from France. It is made from a blend of Chardonnay, Pinot Noir, and Pinot Meunier grapes. It is a dry sparkling wine with a light body and a refreshing acidity. Andre Brut has a pale yellow color with green sparkles. It has a fruity aroma with notes of apple, pear, and citrus. The taste is crisp and refreshing with a hint of sweetness. Andre Brut is a versatile wine that can be enjoyed on its own or paired with a variety of foods.",1,0,,,no,draft
Wines,Andre Rose,,"Embrace the allure of André Rosé Wine. This elegant rosé captivates with its delicate pink hue and a symphony of fruit flavours. With its light and refreshing profile, André Rosé is the embodiment of laid-back sophistication, making it a delightful choice for celebrations and moments of relaxation.",1,0,,,no,draft
Wines,Bree Red,,"Experience the vibrant character of Bree Red Wine. With its rich and expressive flavours, this red wine offers a captivating journey through layers of fruitiness and subtle complexity. Bree Red is a testament to the art of winemaking, inviting you to savour its bold personality and enjoy the pleasures of a well-crafted wine.",1,0,,,no,draft
Wines,Moet,,"Elevate your celebrations with Moët & Chandon. A symbol of luxury and refinement, Moët & Chandon Champagne embodies the art of sparkling excellence. With its effervescent charm, elegant notes, and a legacy of craftsmanship, Moët & Chandon brings a touch of opulence to every toast and special occasion.",1,0,,,no,draft
Wines,Escudo Rojo,,"Discover the elegance of Escudo Rojo. This distinguished wine presents a blend of rich flavours, showcasing the artistry of winemaking. With its deep character and a harmonious balance of notes, Escudo Rojo captures the essence of refinement and invites you to enjoy the pleasures of a well-crafted red wine.",1,0,,,no,draft
Spirits/Cream Liquor,Jameson,,"Raise your glass to the iconic taste of Jameson Irish Whiskey. With its smooth and versatile profile, Jameson captures the spirit of Ireland's finest distilling traditions. Delight in the harmonious blend of malted and unmated grains, carefully distilled and aged to perfection. Whether sipped neat, on the rocks, or in your favourite cocktail, Jameson is a timeless choice for those who appreciate the art of whiskey.""",1,0,,,no,draft
Spirits/Cream Liquor,Jack Daniels,,"Indulge in the iconic allure of Jack Daniel's Tennessee Whiskey. With its smooth and distinctive character, Jack Daniel's offers a harmonious balance of caramel sweetness and a touch of oak. Savour the richness of each sip as you embrace the legacy of craftsmanship that has made Jack Daniel's a symbol of American whiskey tradition.",1,0,,,no,draft
Spirits/Cream Liquor,Baileys Irish Cream,,"Delight in the velvety indulgence of Baileys Irish Cream. This luxurious liqueur blends the richness of Irish whiskey with the smoothness of cream, creating a sumptuous and versatile treat. Whether enjoyed on its own, over ice, or as a delightful addition to your favourite dessert, Baileys Irish Cream offers a taste of sophistication and comfort in every sip.",1,0,,,no,draft
Spirits/Cream Liquor,Josnnie Walker Black Label,,"Savour the depth of flavour in Johnnie Walker Black Label Scotch Whisky. This esteemed blend offers a rich and smoky character, harmoniously combining whiskies from various regions. With its notes of fruit, vanilla, and a hint of peat, Johnnie Walker Black Label is a testament to the art of blending, delivering a taste of complexity and sophistication in every pour.",1,0,,,no,draft
Spirits/Cream Liquor,Glenfiddich,,"Embark on a journey of craftsmanship with Glenfiddich Single Malt Scotch Whisky. Distilled in the heart of Scotland, Glenfiddich captures the essence of the Highlands in every drop. With its distinct flavours of fruit, oak, and a touch of honey, this whisky offers a rich and rewarding experience for those who appreciate the art of single malt.",1,0,,,no,draft
Spirits/Cream Liquor,Johnnie Walker Red,,"Embrace the vibrant character of Johnnie Walker Red Label Scotch Whisky. This renowned blend captures a symphony of flavours, delivering a smooth and versatile profile. With its notes of vanilla, spices, and a touch of smokiness, Johnnie Walker Red Label is an invitation to explore the world of whisky with a blend that's both approachable and engaging.",1,0,,,no,draft
Spirits/Cream Liquor,Johnnie Walker White,,SIMPLY ONE OF THE BEST,1,0,,,no,draft
Spirits/Cream Liquor,Hennesy VSOP,,"Indulge in the refined elegance of Hennessy V.S.O.P Cognac. This exquisite blend of eaux-de-vie offers a symphony of flavours, including notes of vanilla, oak, and a hint of fruitiness. With its velvety texture and complex character, Hennessy V.S.O.P is a testament to the art of Cognac making, inviting you to savour a moment of sophistication with every sip.""",1,0,,,no,draft
Spirits/Cream Liquor,Martell VSOP,,"Martell V.S.O.P is a testament to the art of brandy-making. Crafted with meticulous care, this exquisite blend of aged eaux-de-vie offers a harmonious balance of flavours. With its rich notes of oak, fruit, and subtle spices, Martell V.S.O.P invites you to savour the refined complexity of a well-crafted brandy, capturing the essence of indulgence in every sip.",1,0,,,no,draft
Spirits/Cream Liquor,Rémy Martin,,"Indulge in the epitome of Cognac elegance with Rémy Martin. Born from the prestigious vineyards of Cognac, France, this exquisite spirit captures the essence of luxury and tradition. With its exquisite blend of eaux-de-vie, Rémy Martin offers a symphony of flavours that dance across the palate, from rich fruit notes to hints of spice and oak. Elevate your moments with a glass of Rémy Martin, and embark on a journey through the artistry of Cognac craftsmanship.",1,0,,,no,draft
